SUBSTATION_NUMBER,TRANSFORMER_TYPE,TOTAL_CUSTOMERS,Transformer_RATING,Percentage_IC,LV_FEEDER_COUNT,GRID_REFERENCE
511016,Grd Mtd Dist. Substation,206,750,0.703084061,5,ST187800775900
511017,Grd Mtd Dist. Substation,0,500,0.092646793,0,ST181000782000
511028,Grd Mtd Dist. Substation,280,500,0.248046066,5,ST188400769800
511029,Grd Mtd Dist. Substation,268,500,0.160297864,3,ST188200771500
511030,Grd Mtd Dist. Substation,299,500,0.283330836,5,ST187300772600
511032,Grd Mtd Dist. Substation,108,800,0.898029727,3,ST191800779200
511033,Grd Mtd Dist. Substation,292,1000,0.731561007,5,ST191000779300
511034,Grd Mtd Dist. Substation,345,1000,0.732522489,5,ST188900778300
511035,Grd Mtd Dist. Substation,272,500,0.172172559,3,ST188400783000
511079,Grd Mtd Dist. Substation,129,500,0.166731883,3,ST104500694400
511150,Grd Mtd Dist. Substation,16,200,0.923233325,2,ST209200764400
511151,Grd Mtd Dist. Substation,7,500,1,3,ST208300763500
511152,Grd Mtd Dist. Substation,19,500,1,5,ST208000764200
511188,Grd Mtd Dist. Substation,4,1000,0,4,ST204900759800
511191,Grd Mtd Dist. Substation,0,1000,1,1,ST204100757300
511196,Grd Mtd Dist. Substation,37,1000,0.990141677,4,ST202200758400
511198,Grd Mtd Dist. Substation,0,800,1,1,ST202000757500
511219,Grd Mtd Dist. Substation,168,300,0.16887386,3,ST199100771800
511220,Grd Mtd Dist. Substation,100,800,0.069311637,2,ST199000770200
511221,Grd Mtd Dist. Substation,216,300,0.255929408,4,ST198600771500
511222,Grd Mtd Dist. Substation,286,500,0.218464483,5,ST195600761000
511266,Grd Mtd Dist. Substation,22,800,1,3,ST210500756900
511269,Grd Mtd Dist. Substation,12,500,0.993246946,5,ST209000750300
511274,Grd Mtd Dist. Substation,190,800,0.380080456,4,ST206500765200
511275,Grd Mtd Dist. Substation,381,500,0.070424308,5,ST204400765600
511276,Grd Mtd Dist. Substation,213,300,0.155715626,4,ST204100771300
511277,Grd Mtd Dist. Substation,411,500,0.154756971,5,ST202000769800
511278,Grd Mtd Dist. Substation,263,500,0.221117193,4,ST200700763500
511279,Grd Mtd Dist. Substation,3,1000,0.439843763,5,ST200500766800
511281,Grd Mtd Dist. Substation,93,800,0.779831253,5,ST199000760200
511298,Grd Mtd Dist. Substation,145,300,0.107129215,5,ST173100762000
511300,Grd Mtd Dist. Substation,389,500,0.263117629,4,ST168600761100
511301,Grd Mtd Dist. Substation,276,500,0.085954775,5,ST166000761800
511302,Grd Mtd Dist. Substation,171,300,0.023976364,5,ST163800759500
511310,Grd Mtd Dist. Substation,348,380,0.362527733,5,ST176300761000
511311,Grd Mtd Dist. Substation,7,300,0.174339472,0,ST175000761800
511320,Grd Mtd Dist. Substation,204,300,0.061236857,7,ST182600748600
511321,Grd Mtd Dist. Substation,0,800,0.088716689,0,ST180700747700
511323,Grd Mtd Dist. Substation,3,1000,1,1,ST187500765800
511360,Grd Mtd Dist. Substation,0,500,1,1,ST188500761000
511361,Grd Mtd Dist. Substation,1,500,1,1,ST187500760800
511362,Grd Mtd Dist. Substation,106,1000,0.8841705,7,ST191600746600
511363,Grd Mtd Dist. Substation,22,1000,1,5,ST191500745100
511364,Grd Mtd Dist. Substation,139,1000,0.921527612,5,ST191000748600
511366,Grd Mtd Dist. Substation,87,1000,0.560435568,4,ST189400747100
511368,Grd Mtd Dist. Substation,41,1000,0.992199083,4,ST188900763600
511370,Grd Mtd Dist. Substation,19,800,1,4,ST187000766000
511371,Grd Mtd Dist. Substation,19,800,0,4,ST187000765900
511372,Grd Mtd Dist. Substation,37,800,0.998046065,4,ST187000765400
511374,Grd Mtd Dist. Substation,68,500,0.993092956,3,ST187300763000
512015,Grd Mtd Dist. Substation,135,500,0,3,ST221000812100
512016,Grd Mtd Dist. Substation,261,500,0.031298524,4,ST219800809000
512017,Grd Mtd Dist. Substation,231,500,0.010925655,6,ST219600812800
512018,Grd Mtd Dist. Substation,137,300,0.029743884,3,ST219400807000
512019,Grd Mtd Dist. Substation,61,300,0.143200704,3,ST217800810200
512020,Grd Mtd Dist. Substation,42,200,0.27049929,2,ST217000814800
512022,Grd Mtd Dist. Substation,211,300,0,4,ST216000812400
512030,Grd Mtd Dist. Substation,60,200,0.093114539,2,ST233000816400
512050,Grd Mtd Dist. Substation,151,500,0,4,ST226800812400
512051,Grd Mtd Dist. Substation,156,315,0.013213158,4,ST226500825000
512052,Grd Mtd Dist. Substation,141,300,0.691755994,7,ST224800809200
512053,Grd Mtd Dist. Substation,155,300,0,6,ST223400811400
512054,Grd Mtd Dist. Substation,163,500,0.015729108,3,ST222800806600
512055,Grd Mtd Dist. Substation,91,315,0.043780801,3,ST221800809400
512057,Grd Mtd Dist. Substation,329,500,0.178722412,7,ST221600814000
512058,Grd Mtd Dist. Substation,125,315,0.13644204,5,ST214600806400
512060,Grd Mtd Dist. Substation,89,300,0.135731856,4,ST213600803400
512061,Grd Mtd Dist. Substation,0,500,1,1,ST213200805400
512151,Grd Mtd Dist. Substation,320,300,0.258477707,8,ST175800763100
512152,Grd Mtd Dist. Substation,285,1000,0.726750814,5,ST177000764200
512164,Grd Mtd Dist. Substation,297,500,0.265801129,4,ST165200768300
512165,Grd Mtd Dist. Substation,310,500,0.264147728,3,ST163300768000
512167,Grd Mtd Dist. Substation,308,800,0.790618373,6,ST173600766700
512169,Grd Mtd Dist. Substation,213,500,0.184298204,5,ST170200769400
512170,Grd Mtd Dist. Substation,317,500,0.300049689,4,ST168000769000
512171,Grd Mtd Dist. Substation,485,1000,0.354256008,5,ST167500770500
512172,Grd Mtd Dist. Substation,246,500,0.193723966,7,ST165800770200
512177,Grd Mtd Dist. Substation,15,1000,0.937037124,1,ST176100764800
512178,Grd Mtd Dist. Substation,481,750,0.079113715,7,ST170400762900
512179,Grd Mtd Dist. Substation,241,500,0.645037175,4,ST167800763200
512180,Grd Mtd Dist. Substation,152,500,0.537373253,5,ST161000764400
512190,Grd Mtd Dist. Substation,11,500,1,1,ST186100767100
512191,Grd Mtd Dist. Substation,8,800,1,1,ST184900765100
512192,Grd Mtd Dist. Substation,0,800,1,0,ST184000764400
512193,Grd Mtd Dist. Substation,24,800,1,7,ST183700764800
512202,Grd Mtd Dist. Substation,0,500,0.985022411,0,ST184800768200
512425,Grd Mtd Dist. Substation,1,1000,1,1,ST182600753000
512434,Grd Mtd Dist. Substation,5,500,1,3,ST193200760800
512438,Grd Mtd Dist. Substation,0,1000,0.07378157,0,ST192500753000
512440,Grd Mtd Dist. Substation,62,1000,0.034017924,1,ST192200753800
512441,Grd Mtd Dist. Substation,197,800,0.169389285,3,ST191900763300
512442,Grd Mtd Dist. Substation,103,500,0.045065008,1,ST191800752300
512443,Grd Mtd Dist. Substation,129,1000,0.223918015,5,ST191400759300
512444,Grd Mtd Dist. Substation,200,500,0.517858985,4,ST191200755100
512445,Grd Mtd Dist. Substation,0,500,1,1,ST191100765000
512447,Grd Mtd Dist. Substation,70,800,0.170346342,4,ST190400758500
512448,Grd Mtd Dist. Substation,147,1000,0.117867877,4,ST190100757600
512454,Grd Mtd Dist. Substation,3,1000,1,4,ST205900757200
512455,Grd Mtd Dist. Substation,8,500,1,3,ST200300757300
512456,Grd Mtd Dist. Substation,30,800,1,4,ST198000756000
512457,Grd Mtd Dist. Substation,15,800,1,3,ST197200758300
512458,Grd Mtd Dist. Substation,21,1000,1,4,ST196700758400
512462,Grd Mtd Dist. Substation,26,1000,0.452397672,3,ST196900748200
512494,Grd Mtd Dist. Substation,1,315,1,0,ST183900752000
512608,Grd Mtd Dist. Substation,4,500,1,2,ST182500766100
512615,Grd Mtd Dist. Substation,58,1000,1,5,ST183200762500
512618,Grd Mtd Dist. Substation,5,1000,1,3,ST182500766300
512918,Grd Mtd Dist. Substation,149,500,0.173690668,3,ST174500773200
512920,Grd Mtd Dist. Substation,169,315,0.042785578,4,ST176200782400
512922,Grd Mtd Dist. Substation,180,300,0.016395832,3,ST178300782000
512925,Grd Mtd Dist. Substation,227,500,0.375356268,4,ST181000781400
512928,Grd Mtd Dist. Substation,210,500,0.155782096,4,ST179700780800
512929,Grd Mtd Dist. Substation,94,500,0.838879145,2,ST184200794200
513043,Grd Mtd Dist. Substation,86,500,0.927811425,5,ST201200799900
513044,Grd Mtd Dist. Substation,109,500,0,1,ST200000797400
513045,Grd Mtd Dist. Substation,130,500,0.010352545,4,ST200000794900
513046,Grd Mtd Dist. Substation,186,1000,0.041771431,5,ST199400797600
513047,Grd Mtd Dist. Substation,97,500,0.218034779,3,ST197800795800
513048,Grd Mtd Dist. Substation,148,300,0.019587119,3,ST197400800500
513049,Grd Mtd Dist. Substation,225,800,0.001903184,4,ST196000801700
513050,Grd Mtd Dist. Substation,0,500,1,1,ST195600797400
513051,Grd Mtd Dist. Substation,0,315,1,1,ST195500795000
513052,Grd Mtd Dist. Substation,214,800,0.043398622,4,ST195300803000
513173,Grd Mtd Dist. Substation,240,500,0.291604803,6,ST185000779000
513174,Grd Mtd Dist. Substation,209,800,0.78661266,5,ST183700780800
513175,Grd Mtd Dist. Substation,129,300,0.525475931,5,ST183700779500
513179,Grd Mtd Dist. Substation,0,500,1,2,ST177700776200
513180,Grd Mtd Dist. Substation,92,800,0.765269336,4,ST176900777400
513181,Grd Mtd Dist. Substation,13,100,0.893864148,1,ST175200775900
513183,Grd Mtd Dist. Substation,111,500,0.284005863,3,ST174200780400
513184,Grd Mtd Dist. Substation,1,315,1,1,ST173800782100
513229,Grd Mtd Dist. Substation,284,500,0.129244353,5,ST179300739300
513235,Grd Mtd Dist. Substation,360,500,0.191240843,4,ST178900746700
513236,Grd Mtd Dist. Substation,328,500,0.097147503,9,ST177200748800
513237,Grd Mtd Dist. Substation,52,800,0.263705077,3,ST176300747900
513238,Grd Mtd Dist. Substation,0,300,0.23165563,0,ST171600746400
513242,Grd Mtd Dist. Substation,7,315,0.964182262,1,ST172300738700
513243,Grd Mtd Dist. Substation,4,315,1,1,ST173000734300
513244,Grd Mtd Dist. Substation,0,1000,0.843770584,0,ST177500738800
513246,Grd Mtd Dist. Substation,412,1000,0.441019859,4,ST176400742300
513247,Grd Mtd Dist. Substation,69,500,0.845964107,3,ST175100732500
513248,Grd Mtd Dist. Substation,105,800,0.294649129,4,ST173600733600
513249,Grd Mtd Dist. Substation,268,500,0.072409779,5,ST178800736900
513250,Grd Mtd Dist. Substation,0,1000,1,1,ST176300733400
513251,Grd Mtd Dist. Substation,5,315,0.97646574,3,ST177400729300
513253,Grd Mtd Dist. Substation,52,500,0.005538404,3,ST181000736800
513254,Grd Mtd Dist. Substation,146,800,0.019572932,4,ST180900730600
513256,Grd Mtd Dist. Substation,185,1000,0.011770835,4,ST180300736200
513257,Grd Mtd Dist. Substation,221,1000,0.032736685,5,ST179200737500
513268,Grd Mtd Dist. Substation,3,1000,1,0,ST196400748300
513269,Grd Mtd Dist. Substation,39,800,0.47645626,1,ST192200753700
513270,Grd Mtd Dist. Substation,1,500,1,0,ST209800749300
513273,Grd Mtd Dist. Substation,203,300,0.224080723,4,ST199100771800
513278,Grd Mtd Dist. Substation,2,500,1,1,ST172700766100
513291,Grd Mtd Dist. Substation,0,800,1,0,ST185500758800
513292,Grd Mtd Dist. Substation,0,800,1,0,ST185300758700
513314,Grd Mtd Dist. Substation,0,800,1,2,ST174200779900
513321,Grd Mtd Dist. Substation,23,1000,0.9664301,5,ST206800757600
513322,Grd Mtd Dist. Substation,37,1000,1,5,ST208900750900
513326,Grd Mtd Dist. Substation,41,800,0.625812254,3,ST187300765200
513329,Grd Mtd Dist. Substation,0,500,1,1,ST175900731600
513352,Grd Mtd Dist. Substation,1,800,1,0,ST175900778700
513358,Grd Mtd Dist. Substation,46,1000,1,4,ST184900765100
513378,Grd Mtd Dist. Substation,6,1000,1,0,ST183700764800
513385,Grd Mtd Dist. Substation,47,1000,0.194632115,0,ST186400749100
513397,Grd Mtd Dist. Substation,2,800,1,1,ST192700759100
513399,Grd Mtd Dist. Substation,0,500,1,1,ST202000758100
513404,Grd Mtd Dist. Substation,1,500,1,0,ST207300758200
513409,Grd Mtd Dist. Substation,71,200,0.852183655,3,ST181000775400
513410,Grd Mtd Dist. Substation,124,800,0.951101283,2,ST167400765400
513412,Grd Mtd Dist. Substation,107,1000,0,4,ST186800760200
513427,Grd Mtd Dist. Substation,79,1000,0,4,ST186800760200
513435,Grd Mtd Dist. Substation,109,1000,0.470198984,5,ST186800760200
513437,Grd Mtd Dist. Substation,37,800,0.940846606,4,ST199700755900
513454,Grd Mtd Dist. Substation,0,1000,1,0,ST202400759500
513458,Grd Mtd Dist. Substation,171,300,0.15393588,2,ST181000775400
513461,Grd Mtd Dist. Substation,205,300,0.178255044,2,ST180400778700
513469,Grd Mtd Dist. Substation,177,300,0.034492966,2,ST177600779200
513470,Grd Mtd Dist. Substation,121,300,0.243469812,1,ST180400778700
513473,Grd Mtd Dist. Substation,152,300,0.010529205,1,ST177600779200
513474,Grd Mtd Dist. Substation,62,200,0.378410537,2,ST179600758200
513477,Grd Mtd Dist. Substation,35,500,0.185780422,3,ST191400742500
513480,Grd Mtd Dist. Substation,138,500,0.138796825,1,ST179600758200
513503,Grd Mtd Dist. Substation,116,1000,0.193665573,5,ST175300730600
513511,Grd Mtd Dist. Substation,0,500,1,0,ST200100761800
513521,Grd Mtd Dist. Substation,100,1000,0.25886486,5,ST196300747800
513522,Grd Mtd Dist. Substation,92,1000,0.233695031,4,ST196200747700
513523,Grd Mtd Dist. Substation,128,1000,0.242470096,4,ST196200747500
513535,Grd Mtd Dist. Substation,17,800,0.83198407,4,ST201800757000
513537,Grd Mtd Dist. Substation,0,1000,1,1,ST179100757900
513545,Grd Mtd Dist. Substation,6,800,1,5,ST203500753300
513552,Grd Mtd Dist. Substation,1,1000,1,3,ST183400762400
513554,Grd Mtd Dist. Substation,5,1000,1,4,ST183300762500
513556,Grd Mtd Dist. Substation,64,800,0.700499587,3,ST180300732300
513557,Grd Mtd Dist. Substation,65,500,0.215091994,2,ST195500756200
513558,Grd Mtd Dist. Substation,80,800,0.03976602,5,ST195900745700
513559,Grd Mtd Dist. Substation,102,1000,0.260459772,4,ST195700747200
513569,Grd Mtd Dist. Substation,11,1000,1,5,ST184900763500
513574,Grd Mtd Dist. Substation,5,1000,1,4,ST184900763500
513575,Grd Mtd Dist. Substation,0,315,1,1,ST182500748600
513582,Grd Mtd Dist. Substation,0,500,1,0,ST176900740100
513584,Grd Mtd Dist. Substation,3,500,0.988958229,2,ST176100734900
513595,Grd Mtd Dist. Substation,0,500,1,1,ST174900733600
513607,Grd Mtd Dist. Substation,0,1000,1,0,ST204100757400
513611,Grd Mtd Dist. Substation,0,800,1,0,ST185500758800
513612,Grd Mtd Dist. Substation,0,1000,0.375848585,0,ST187300765200
513614,Grd Mtd Dist. Substation,10,1000,0.98609823,0,ST182600766300
513616,Grd Mtd Dist. Substation,53,1000,0.779533518,0,ST183400762400
513636,Grd Mtd Dist. Substation,128,1000,0,0,ST187300765200
513641,Grd Mtd Dist. Substation,0,500,0.038275759,0,ST195800747600
513668,Grd Mtd Dist. Substation,0,0,0.98702613,2,ST199600762600
513673,Grd Mtd Dist. Substation,8,1000,1,4,ST173000759800
513687,Grd Mtd Dist. Substation,0,1000,1,1,ST173100759800
513689,Grd Mtd Dist. Substation,0,315,1,1,ST200900744900
513690,Grd Mtd Dist. Substation,24,315,0,1,ST180500751200
513692,Grd Mtd Dist. Substation,75,500,0,3,ST186800774100
513699,Grd Mtd Dist. Substation,406,800,0.384717995,0,ST184800773200
513759,Grd Mtd Dist. Substation,0,1000,1,0,ST183700764800
521053,Grd Mtd Dist. Substation,49,500,0.985050598,5,SS653600923300
521054,Grd Mtd Dist. Substation,14,800,0.996768882,1,SS653100927400
521055,Grd Mtd Dist. Substation,148,500,0.095690552,4,SS652200927000
521056,Grd Mtd Dist. Substation,1,500,1,1,SS651800924500
521058,Grd Mtd Dist. Substation,40,800,0.692233959,3,SS650900925000
521059,Grd Mtd Dist. Substation,4,200,1,1,SS650800922200
521064,Grd Mtd Dist. Substation,110,800,0.489919157,6,SS651000927700
521065,Grd Mtd Dist. Substation,210,500,0.287850925,4,SS649800932700
521066,Grd Mtd Dist. Substation,428,1000,0.173338445,7,SS649600934400
521067,Grd Mtd Dist. Substation,213,500,0.639444961,4,SS648100931000
521068,Grd Mtd Dist. Substation,276,500,0.1692112,4,SS647600931800
521069,Grd Mtd Dist. Substation,7,800,1,2,SS654900928900
521070,Grd Mtd Dist. Substation,68,1000,0.987721361,5,SS654400924900
521071,Grd Mtd Dist. Substation,17,800,1,4,SS653400928500
521072,Grd Mtd Dist. Substation,22,500,0.965623347,3,SS652200928600
521079,Grd Mtd Dist. Substation,287,500,0.378061529,5,SS650200921200
521084,Grd Mtd Dist. Substation,569,800,0.373599695,16,SS645800924000
521514,Grd Mtd Dist. Substation,9,200,0.760874658,1,SS659400975300
521515,Grd Mtd Dist. Substation,223,315,0.195812124,8,SS658400977000
521516,Grd Mtd Dist. Substation,235,300,0.823246608,4,SS658000979000
521623,Grd Mtd Dist. Substation,34,1000,1,5,SS678000976000
521625,Grd Mtd Dist. Substation,11,500,1,1,SS676600971600
521626,Grd Mtd Dist. Substation,61,500,1,4,SS675000972000
521628,Grd Mtd Dist. Substation,97,800,0.78227809,3,SS672400978500
521629,Grd Mtd Dist. Substation,487,500,0.20229871,5,SS667600976800
521630,Grd Mtd Dist. Substation,307,300,0.094042131,4,SS663000980900
521631,Grd Mtd Dist. Substation,109,300,0,2,SS661400979200
521632,Grd Mtd Dist. Substation,0,200,1,1,SS659800976700
521699,Grd Mtd Dist. Substation,42,500,1,3,SS675500973500
521700,Grd Mtd Dist. Substation,7,500,1,2,SS674400975200
521701,Grd Mtd Dist. Substation,0,800,1,1,SS673500972900
521702,Grd Mtd Dist. Substation,0,800,1,1,SS673200972100
521703,Grd Mtd Dist. Substation,16,500,1,3,SS672300972600
521704,Grd Mtd Dist. Substation,6,315,1,2,SS671400970700
521705,Grd Mtd Dist. Substation,26,500,0.988370096,3,SS669200965500
521706,Grd Mtd Dist. Substation,11,500,1,4,SS669000964500
521707,Grd Mtd Dist. Substation,375,500,0.232405475,6,SS667700969900
521708,Grd Mtd Dist. Substation,9,800,0.956406848,2,SS660400957600
521709,Grd Mtd Dist. Substation,381,500,0.087864113,5,SS651900961100
521710,Grd Mtd Dist. Substation,238,500,0.181863048,5,SS650100962000
521719,Grd Mtd Dist. Substation,95,300,0.242239956,3,SN688000011000
521727,Grd Mtd Dist. Substation,173,315,0.08607041,4,SN685800016800
521728,Grd Mtd Dist. Substation,115,300,0,4,SN684600018600
521813,Grd Mtd Dist. Substation,1,500,0.639833972,1,SS659900952000
521838,Pole Mtd Dist. Substation,1,15,0,1,SS667600938400
521840,Grd Mtd Dist. Substation,0,500,0.067956852,0,SS665400964600
521842,Grd Mtd Dist. Substation,143,300,0.064688507,5,SS664800974900
521843,Pole Mtd Dist. Substation,1,16,1,1,SS684700941700
521844,Pole Mtd Dist. Substation,2,16,0,1,SS684000944600
521845,Pole Mtd Dist. Substation,1,16,0,1,SS683100941000
521846,Pole Mtd Dist. Substation,1,16,0,1,SS682800946000
521847,Pole Mtd Dist. Substation,1,16,0,1,SS682200938500
521849,Pole Mtd Dist. Substation,2,16,0.538850284,1,SS677300941700
521850,Pole Mtd Dist. Substation,1,25,1,1,SS695000958800
521852,Pole Mtd Dist. Substation,1,16,0,1,SS691700956800
521853,Pole Mtd Dist. Substation,1,16,0,1,SS690700956200
521854,Pole Mtd Dist. Substation,1,16,0,1,SS689200954900
521855,Pole Mtd Dist. Substation,4,16,0.013376078,1,SS687900951900
521856,Pole Mtd Dist. Substation,18,100,0.575544874,1,SS685500955300
521857,Pole Mtd Dist. Substation,38,100,0.049489556,1,SS683400950700
521858,Pole Mtd Dist. Substation,1,15,0,1,SS683500952200
521859,Grd Mtd Dist. Substation,510,100,0.99363115,4,SS687000935700
521864,Grd Mtd Dist. Substation,154,500,0.16616781,5,SS669500950800
521865,Grd Mtd Dist. Substation,517,800,0.109068639,8,SS667100932300
521868,Grd Mtd Dist. Substation,364,500,0.00152382,4,SS664000939000
521869,Grd Mtd Dist. Substation,344,500,0.084949236,4,SS663900934600
521871,Grd Mtd Dist. Substation,2,500,1,2,SS663200949200
521872,Grd Mtd Dist. Substation,234,300,0.449619088,3,SS663100933200
521874,Grd Mtd Dist. Substation,15,500,1,5,SS672300940300
521875,Pole Mtd Dist. Substation,2,15,0,1,SS670100938900
521876,Pole Mtd Dist. Substation,1,15,0,1,SS668800938300
521877,Grd Mtd Dist. Substation,95,200,0,2,SS663600972000
521878,Grd Mtd Dist. Substation,241,500,0.077633196,4,SS661600966200
521879,Grd Mtd Dist. Substation,0,500,0.217263723,0,SS661400961800
522228,Grd Mtd Dist. Substation,32,800,0.680501491,3,SS661300944900
522238,Grd Mtd Dist. Substation,0,315,1,2,SS658200937800
522239,Grd Mtd Dist. Substation,1,800,1,1,SS658000937300
522240,Grd Mtd Dist. Substation,103,500,0.54319298,4,SS657800932200
522241,Grd Mtd Dist. Substation,305,500,0.65350533,7,SS656600932700
522242,Grd Mtd Dist. Substation,155,500,0.504926613,3,SS656000940300
522243,Grd Mtd Dist. Substation,539,500,0.192547003,9,SS655900949200
522245,Grd Mtd Dist. Substation,303,500,0.383037617,6,SS652900946000
522246,Grd Mtd Dist. Substation,12,315,0.967689108,2,SS650700946900
522247,Grd Mtd Dist. Substation,1,200,1,1,SS647300946500
522248,Grd Mtd Dist. Substation,41,315,0.907550756,3,SS647100947600
522252,Grd Mtd Dist. Substation,136,800,0.43406354,5,SS655400935400
522253,Grd Mtd Dist. Substation,85,500,0.765949065,4,SS654700934400
522254,Grd Mtd Dist. Substation,1,300,0,1,SS653400931200
522263,Grd Mtd Dist. Substation,48,500,0.581323031,1,SS654900933400
522264,Grd Mtd Dist. Substation,259,300,0.012865088,4,SS654700934500
522265,Grd Mtd Dist. Substation,0,500,1,0,SS653800933200
522273,Grd Mtd Dist. Substation,1,500,1,0,SS661100941100
522275,Grd Mtd Dist. Substation,535,500,0.253074822,4,SS659900944100
522277,Grd Mtd Dist. Substation,477,500,0.996272952,8,SS663600952200
522279,Grd Mtd Dist. Substation,410,500,0.069288778,4,SS648700942700
522283,Grd Mtd Dist. Substation,352,500,0.139437742,4,SS658800947000
522284,Grd Mtd Dist. Substation,410,500,0.27835164,6,SS654700951400
522285,Grd Mtd Dist. Substation,352,500,0.170085873,6,SS652200951400
522286,Grd Mtd Dist. Substation,10,800,0.972772574,4,SS659600935300
522287,Grd Mtd Dist. Substation,93,800,0.987235143,3,SS659600933700
522289,Grd Mtd Dist. Substation,307,500,0.395472389,5,SS658200956800
522290,Grd Mtd Dist. Substation,30,500,0.861658743,3,SS657500933700
522291,Grd Mtd Dist. Substation,271,300,0.051358663,3,SS657200952300
522292,Grd Mtd Dist. Substation,146,500,0,4,SS657100971600
522293,Grd Mtd Dist. Substation,310,315,0.152706456,5,SS657000955000
522294,Grd Mtd Dist. Substation,266,315,0.097173908,3,SS655800963700
522295,Grd Mtd Dist. Substation,145,500,0.066085728,4,SS654300968400
522296,Grd Mtd Dist. Substation,433,500,0.130993513,5,SS653300966400
523025,Grd Mtd Dist. Substation,195,300,0,4,SN599200042300
523041,Grd Mtd Dist. Substation,80,500,0.1711359,3,SN597500034000
523042,Grd Mtd Dist. Substation,304,500,0.08523717,5,SN597400036800
523043,Grd Mtd Dist. Substation,197,315,0.257854587,4,SN596800038600
523044,Grd Mtd Dist. Substation,1,300,1,1,SN596400039000
523045,Grd Mtd Dist. Substation,191,300,0.18418311,4,SN595600034300
523046,Grd Mtd Dist. Substation,202,315,0.222119685,4,SN594300038400
523047,Grd Mtd Dist. Substation,371,500,0.153365151,7,SN592100036000
523048,Grd Mtd Dist. Substation,158,500,0.710845506,3,SN589900037000
523204,Pole Mtd Dist. Substation,0,16,0,0,SS593500025500
523207,Pole Mtd Dist. Substation,1,15,1,1,SN592600024000
523208,Pole Mtd Dist. Substation,3,25,0.070957471,1,SN592000024600
523213,Pole Mtd Dist. Substation,17,100,0.134169714,1,SS591500996200
523215,Pole Mtd Dist. Substation,10,25,0,1,SN591200002600
523216,Pole Mtd Dist. Substation,2,16,0,1,SN593400018500
523217,Pole Mtd Dist. Substation,10,50,0.406805588,1,SN591300017200
523218,Pole Mtd Dist. Substation,3,15,0,1,SN590300013200
523220,Pole Mtd Dist. Substation,25,50,0,1,SN590010
523221,Pole Mtd Dist. Substation,3,50,0,1,SN587600011400
523224,Pole Mtd Dist. Substation,0,25,0,0,SN589004
523227,Pole Mtd Dist. Substation,2,200,1,1,SN583400033300
523298,Pole Mtd Dist. Substation,66,100,0,1,SN601600035300
523299,Pole Mtd Dist. Substation,57,200,0,1,SN602041
524459,Grd Mtd Dist. Substation,278,500,0.089560497,5,SS620600934600
524460,Grd Mtd Dist. Substation,233,315,0.050865676,4,SS617500939200
524462,Grd Mtd Dist. Substation,215,315,0.016985992,4,SS616500937000
524464,Grd Mtd Dist. Substation,51,200,0,3,SS616000935000
524466,Grd Mtd Dist. Substation,93,200,0.006416451,5,SS613400934800
524467,Grd Mtd Dist. Substation,0,800,1,1,SS610900937500
524468,Grd Mtd Dist. Substation,0,1000,1,1,SS610400936200
524470,Grd Mtd Dist. Substation,0,500,1,1,SS609600934800
524507,Grd Mtd Dist. Substation,206,300,0.270538103,6,SS609600931800
524544,Grd Mtd Dist. Substation,108,300,0,3,SS618500924600
524545,Grd Mtd Dist. Substation,85,300,0,3,SS616600919400
524546,Grd Mtd Dist. Substation,156,500,0,4,SS615200924000
524547,Grd Mtd Dist. Substation,93,200,0.039432577,4,SS614800926600
524548,Grd Mtd Dist. Substation,119,500,0.004582848,4,SS614400921800
524549,Grd Mtd Dist. Substation,401,315,0.118788945,5,SS612500926200
524550,Grd Mtd Dist. Substation,44,200,0,2,SS619500929200
524551,Grd Mtd Dist. Substation,128,200,0.070700246,4,SS618600927000
524552,Grd Mtd Dist. Substation,260,500,0.152200742,5,SS614600932300
525378,Grd Mtd Dist. Substation,428,1000,0.119377042,8,SS639900925400
525379,Grd Mtd Dist. Substation,206,500,0.446863823,5,SS640600922700
525380,Grd Mtd Dist. Substation,313,500,0.223239983,5,SS637400922500
525381,Grd Mtd Dist. Substation,357,750,0.186480678,5,SS636700924000
525382,Grd Mtd Dist. Substation,268,500,0.141585263,4,SS634500920800
525383,Grd Mtd Dist. Substation,273,315,0.005580763,4,SS640400931600
525386,Grd Mtd Dist. Substation,370,500,0.385710952,4,SS639300929800
525387,Grd Mtd Dist. Substation,428,500,0.002129674,5,SS634100942200
525388,Grd Mtd Dist. Substation,284,800,0.005576661,2,SS633800946600
525389,Grd Mtd Dist. Substation,387,500,0.010755137,5,SS631000940600
525741,Grd Mtd Dist. Substation,142,315,0,2,SS638000971000
525742,Grd Mtd Dist. Substation,187,800,0,4,SS638000968000
525743,Grd Mtd Dist. Substation,213,315,0.210360968,4,SS637800964500
525744,Grd Mtd Dist. Substation,171,300,0.141555364,6,SS635500972400
525745,Grd Mtd Dist. Substation,235,315,0.125703355,4,SS634700968300
525746,Grd Mtd Dist. Substation,313,500,0.022343408,5,SS634500965200
525747,Grd Mtd Dist. Substation,9,300,0.049870111,2,SS633400970200
525750,Pole Mtd Dist. Substation,1,5,0,1,SS626500972900
525751,Pole Mtd Dist. Substation,9,50,0.524879511,1,SS624700971100
526289,Grd Mtd Dist. Substation,1,315,1,1,SS687700939400
526344,Grd Mtd Dist. Substation,0,1000,1,0,SS658000926300
526360,Grd Mtd Dist. Substation,4,800,1,4,SS663900954300
526383,Grd Mtd Dist. Substation,1,800,1,1,SS645700946200
526474,Grd Mtd Dist. Substation,0,1000,0.469771617,0,SS656500928300
526568,Grd Mtd Dist. Substation,86,500,0.11766866,2,SS682800933600
526598,Grd Mtd Dist. Substation,40,500,0.187494364,1,SS663000936100
531050,Grd Mtd Dist. Substation,0,500,0,0,ST360200888400
531052,Grd Mtd Dist. Substation,152,500,0.613901954,4,ST357100893500
531053,Grd Mtd Dist. Substation,67,500,0,8,ST353700879900
531054,Grd Mtd Dist. Substation,192,500,0.319778779,4,ST381500903000
531055,Pole Mtd Dist. Substation,16,100,0,1,ST377800900400
531056,Grd Mtd Dist. Substation,164,315,0.007001931,4,ST375900898200
531057,Pole Mtd Dist. Substation,0,50,0,0,ST374300897500
531059,Pole Mtd Dist. Substation,1,25,1,1,ST371500891400
531060,Pole Mtd Dist. Substation,4,15,0,1,ST371400894200
531061,Pole Mtd Dist. Substation,8,50,0,1,ST370000895400
531062,Grd Mtd Dist. Substation,266,500,0.016339765,5,ST371800898700
531313,Grd Mtd Dist. Substation,0,500,1,1,ST292700995100
531320,Grd Mtd Dist. Substation,398,500,0.263931393,4,SO279300006200
531324,Grd Mtd Dist. Substation,140,800,0.943659103,3,SO282200007900
531388,Pole Mtd Dist. Substation,1,25,1,1,ST354200987800
531411,Pole Mtd Dist. Substation,1,16,0,1,ST319400946800
531414,Pole Mtd Dist. Substation,6,50,0,1,ST320300991200
531449,Pole Mtd Dist. Substation,5,16,0.042708081,1,ST312300952400
531452,Pole Mtd Dist. Substation,6,50,0.29442153,1,ST317500976000
531455,Pole Mtd Dist. Substation,1,16,0,1,ST309800979800
531459,Pole Mtd Dist. Substation,6,50,0.878109981,1,ST303500982800
531475,Grd Mtd Dist. Substation,16,200,0.898279555,1,ST296400994100
531826,Grd Mtd Dist. Substation,0,500,1,1,ST363200899800
531827,Grd Mtd Dist. Substation,10,500,0.980453531,3,ST362600897600
531828,Grd Mtd Dist. Substation,1,800,1,1,ST362400899100
531829,Grd Mtd Dist. Substation,0,500,0,0,ST360900884600
531831,Grd Mtd Dist. Substation,168,500,0.002921837,4,ST358300882700
531832,Grd Mtd Dist. Substation,133,500,0,4,ST355300881700
531833,Grd Mtd Dist. Substation,90,500,0.176910294,2,ST351000880200
531834,Grd Mtd Dist. Substation,172,300,0,4,ST349100879000
531835,Grd Mtd Dist. Substation,206,300,0,4,ST346800877800
531836,Grd Mtd Dist. Substation,123,315,0.010552091,4,ST366800896700
531837,Grd Mtd Dist. Substation,144,500,0.315931746,4,ST365800899600
531838,Grd Mtd Dist. Substation,13,800,1,4,ST364000899100
532204,Grd Mtd Dist. Substation,182,500,0,4,ST282900908700
532205,Grd Mtd Dist. Substation,175,500,0,2,ST283000906400
532206,Grd Mtd Dist. Substation,160,500,0,3,ST284300906500
532207,Grd Mtd Dist. Substation,254,500,0,5,ST284600910600
532208,Grd Mtd Dist. Substation,186,300,0.258949565,5,ST286200907700
532209,Pole Mtd Dist. Substation,1,25,0,1,ST282100912000
532210,Pole Mtd Dist. Substation,1,50,1,1,ST282100912100
532211,Pole Mtd Dist. Substation,2,100,1,1,ST282200914500
532212,Pole Mtd Dist. Substation,2,16,0,1,ST282500913800
532213,Pole Mtd Dist. Substation,4,25,0,1,ST286700914100
532214,Pole Mtd Dist. Substation,4,25,0.16602708,1,ST287800912000
532215,Pole Mtd Dist. Substation,2,25,0,1,ST289500914700
532216,Pole Mtd Dist. Substation,1,5,0,1,ST290200915800
532217,Grd Mtd Dist. Substation,297,800,0.005674193,5,ST287400910200
532218,Grd Mtd Dist. Substation,275,300,0.009361608,4,ST291500907800
532219,Grd Mtd Dist. Substation,209,315,0,4,ST293600907700
532221,Grd Mtd Dist. Substation,182,500,0.00653081,3,ST293800910800
532222,Grd Mtd Dist. Substation,78,500,0.510221929,3,ST295500905600
532223,Grd Mtd Dist. Substation,139,300,0.272777372,4,ST295800907600
532224,Pole Mtd Dist. Substation,3,50,0.731664556,1,ST289000881300
532225,Pole Mtd Dist. Substation,2,15,0.281648037,1,ST290200883900
532226,Pole Mtd Dist. Substation,4,15,0,1,ST284500885500
532227,Pole Mtd Dist. Substation,8,50,0.497526234,1,ST284500893800
532228,Pole Mtd Dist. Substation,0,25,0,1,ST286300888800
532229,Pole Mtd Dist. Substation,2,100,1,1,ST286500891000
532230,Pole Mtd Dist. Substation,1,5,0,1,ST287400884400
532231,Pole Mtd Dist. Substation,2,16,0,1,ST288700886100
532232,Pole Mtd Dist. Substation,1,25,1,1,ST289300886800
532234,Pole Mtd Dist. Substation,7,16,0.181703857,1,ST294000393500
532235,Pole Mtd Dist. Substation,2,100,1,1,ST295200889900
532236,Pole Mtd Dist. Substation,4,50,0,1,ST295700889300
532238,Pole Mtd Dist. Substation,1,50,1,1,ST290600916900
532239,Pole Mtd Dist. Substation,2,16,0,1,ST290700918700
532635,Pole Mtd Dist. Substation,1,16,1,1,SO275900061300
532637,Pole Mtd Dist. Substation,2,25,0,1,SO271300055300
532638,Pole Mtd Dist. Substation,1,16,0,1,SO271300053700
532639,Pole Mtd Dist. Substation,23,100,0,1,SO271200061200
532640,Pole Mtd Dist. Substation,2,16,0,1,SO271200057700
532641,Pole Mtd Dist. Substation,0,100,0,0,SO271200052300
532643,Pole Mtd Dist. Substation,16,50,0,1,SO270200059700
532645,Pole Mtd Dist. Substation,0,100,1,1,SO271343047803
532646,Pole Mtd Dist. Substation,8,16,0,1,SO270800044200
532648,Pole Mtd Dist. Substation,52,100,0.149881047,1,SO269800043400
532649,Pole Mtd Dist. Substation,1,15,1,1,SO269200074300
532650,Pole Mtd Dist. Substation,0,315,1,1,SO268600070200
532651,Pole Mtd Dist. Substation,1,15,0,1,SO268300072300
532652,Pole Mtd Dist. Substation,1,16,0,1,SO267200071400
532653,Pole Mtd Dist. Substation,2,15,0,1,SO264900071000
532654,Pole Mtd Dist. Substation,2,16,0,1,SO264700075800
532655,Pole Mtd Dist. Substation,2,16,0,1,SO263700078300
532656,Pole Mtd Dist. Substation,25,200,0.413131366,2,SO270600039500
532657,Grd Mtd Dist. Substation,195,315,0.001612776,4,SO267600041300
532660,Pole Mtd Dist. Substation,71,100,0.10817872,1,SO270100036700
532661,Grd Mtd Dist. Substation,154,200,0.020938058,2,SO265900031100
532664,Pole Mtd Dist. Substation,12,25,0,1,SO269600064600
532666,Pole Mtd Dist. Substation,7,25,0,1,SO268400064600
532668,Pole Mtd Dist. Substation,1,16,0,1,SO284600042200
532669,Pole Mtd Dist. Substation,4,25,0,1,SO282100037700
532670,Pole Mtd Dist. Substation,2,16,0,1,SO281900035200
532671,Pole Mtd Dist. Substation,1,50,1,1,SO281800030300
532672,Pole Mtd Dist. Substation,1,16,1,1,SO279300030600
532673,Pole Mtd Dist. Substation,4,16,0,1,SO273000029800
532674,Pole Mtd Dist. Substation,1,15,0,1,SO290000020400
532675,Pole Mtd Dist. Substation,1,15,0,1,SO289500019500
532676,Pole Mtd Dist. Substation,3,200,0.933153586,1,SO288600024300
532677,Grd Mtd Dist. Substation,1,200,1,1,SO286100018400
532678,Grd Mtd Dist. Substation,252,500,0.040777361,3,SO285400015000
532679,Grd Mtd Dist. Substation,204,800,0.442124292,10,SO285000022500
532680,Grd Mtd Dist. Substation,296,500,0.359571758,6,SO282100020800
532681,Grd Mtd Dist. Substation,298,500,0.035758051,10,SO278700025500
532682,Pole Mtd Dist. Substation,42,100,0.128550371,2,SO278700019000
532683,Grd Mtd Dist. Substation,274,300,0,6,SO278500023600
532684,Grd Mtd Dist. Substation,178,500,0,6,SO278100021800
532685,Grd Mtd Dist. Substation,183,500,0,4,SO275200025100
532686,Pole Mtd Dist. Substation,54,200,0.004227731,2,SO274700021600
532687,Grd Mtd Dist. Substation,71,500,0.257767256,3,SO274400019400
532688,Grd Mtd Dist. Substation,147,500,0.446655468,5,SO273900018400
532689,Grd Mtd Dist. Substation,176,500,0.138088732,4,SO273000020600
532690,Grd Mtd Dist. Substation,224,300,0.031863379,4,SO271100022800
532691,Grd Mtd Dist. Substation,116,200,0.145919619,2,SO269800026300
532694,Grd Mtd Dist. Substation,114,500,0.154326725,5,SO265200047200
532695,Pole Mtd Dist. Substation,3,100,1,1,SO264900049900
532697,Grd Mtd Dist. Substation,313,500,0.012007056,5,SO263900052100
532698,Grd Mtd Dist. Substation,140,300,0.103400604,5,SO263400045000
532699,Grd Mtd Dist. Substation,210,315,0.465341379,5,SO263100047600
532700,Grd Mtd Dist. Substation,318,500,0.396242867,5,SO269100032200
532701,Grd Mtd Dist. Substation,120,800,0.479656313,4,SO267700037500
532702,Grd Mtd Dist. Substation,236,300,0.278490662,4,SO266100034700
532703,Grd Mtd Dist. Substation,146,300,0,3,SO265900037500
532704,Grd Mtd Dist. Substation,203,300,0.047734963,4,SO262400037600
532705,Grd Mtd Dist. Substation,217,300,0.079610923,3,SO261500040300
532707,Pole Mtd Dist. Substation,5,200,1,1,SO276200062600
532708,Pole Mtd Dist. Substation,1,16,0,1,SO276200058100
532709,Pole Mtd Dist. Substation,1,25,0.95474329,1,SO273100061400
532711,Pole Mtd Dist. Substation,2,15,0,1,SO271400049500
532764,Pole Mtd Dist. Substation,3,16,0.809300521,1,SO250800098900
532766,Grd Mtd Dist. Substation,129,200,0.274263034,2,SO253500087400
532767,Grd Mtd Dist. Substation,111,200,0.004942139,4,SO253200085300
532768,Grd Mtd Dist. Substation,2,315,1,1,SO251500093200
532769,Pole Mtd Dist. Substation,1,5,0,1,SO260900083000
532770,Pole Mtd Dist. Substation,3,15,0,1,SO258500082000
532771,Pole Mtd Dist. Substation,8,100,0,1,SO256300081200
532775,Grd Mtd Dist. Substation,159,315,0.027122724,4,SO261300085600
532776,Grd Mtd Dist. Substation,147,500,0.33342608,4,SO259200089300
532777,Grd Mtd Dist. Substation,231,500,0.18318444,3,SO258300091000
532778,Grd Mtd Dist. Substation,263,500,0.028855532,5,SO257800086500
532779,Grd Mtd Dist. Substation,213,315,0.024892787,4,SO255900085500
532780,Grd Mtd Dist. Substation,216,500,0.125300244,4,SO255300088700
532781,Grd Mtd Dist. Substation,229,500,0.173487029,4,SO252300095100
532782,Grd Mtd Dist. Substation,324,800,0.650545054,6,SO251600087000
532784,Grd Mtd Dist. Substation,194,500,0.03713768,4,SO244300085700
532787,Pole Mtd Dist. Substation,4,50,1,1,SO262800106200
532788,Pole Mtd Dist. Substation,1,50,1,1,SO255600098100
532791,Pole Mtd Dist. Substation,73,100,0,2,SO249300086000
532798,Pole Mtd Dist. Substation,36,200,0.027596112,1,SO234729101791
532803,Pole Mtd Dist. Substation,169,200,0.018790094,2,SO253100092900
532804,Grd Mtd Dist. Substation,249,500,0.181119272,4,SO251200091000
535387,Pole Mtd Dist. Substation,1,50,0,1,SO346500073200
535397,Pole Mtd Dist. Substation,1,4.5,0,1,SO354000081500
535400,Pole Mtd Dist. Substation,3,15,1,1,SO366900038300
535409,Pole Mtd Dist. Substation,13,50,0.073637992,1,SO368000032400
535433,Grd Mtd Dist. Substation,72,300,0.157247266,3,ST372000967400
535445,Grd Mtd Dist. Substation,69,300,0,3,ST369800965800
535472,Pole Mtd Dist. Substation,1,100,1,1,SO363800018700
535477,Pole Mtd Dist. Substation,1,5,0,1,SO360300022400
535478,Pole Mtd Dist. Substation,3,200,0,1,SO354600024100
535512,Pole Mtd Dist. Substation,1,15,0,1,SO327200014300
535517,Pole Mtd Dist. Substation,1,16,0,1,SO320800007800
535674,Pole Mtd Dist. Substation,1,5,1,1,SO377000067800
535679,Pole Mtd Dist. Substation,1,5,0,1,SO373700080500
535711,Pole Mtd Dist. Substation,1,16,1,1,SO393700016000
535718,Pole Mtd Dist. Substation,3,25,0.23526616,1,SO374100018800
535786,Grd Mtd Dist. Substation,147,500,0.597774157,5,SO411300075900
535797,Pole Mtd Dist. Substation,1,5,0,1,SO405600081800
535830,Pole Mtd Dist. Substation,3,16,0,1,SO400700097500
535841,Pole Mtd Dist. Substation,1,16,0,1,SO371900020700
535862,Pole Mtd Dist. Substation,2,50,0,1,ST459100937500
535875,Pole Mtd Dist. Substation,1,5,0,1,ST446100946900
535940,Pole Mtd Dist. Substation,2,16,0,1,ST401600969300
535942,Pole Mtd Dist. Substation,1,15,0,1,ST396800970700
536000,Pole Mtd Dist. Substation,1,16,1,1,SO335800045700
536033,Pole Mtd Dist. Substation,1,16,0,1,ST390700942400
536059,Pole Mtd Dist. Substation,1,16,0,1,ST355700938500
536077,Pole Mtd Dist. Substation,2,16,0.283533765,1,SO365200012800
536079,Pole Mtd Dist. Substation,5,200,0.783754612,1,SO364000020600
536081,Pole Mtd Dist. Substation,3,100,0.0002552,1,SO362800005500
536178,Pole Mtd Dist. Substation,1,5,0,1,SO351500078100
536388,Grd Mtd Dist. Substation,132,315,0.094897585,3,SO283100012200
536739,Grd Mtd Dist. Substation,235,315,0,4,SO295000003000
536740,Grd Mtd Dist. Substation,4,500,0.999044362,2,SO292600001100
536741,Grd Mtd Dist. Substation,40,200,0.854894267,3,SO292000002200
536742,Grd Mtd Dist. Substation,125,315,0.068955512,2,SO286600012600
536744,Grd Mtd Dist. Substation,155,500,0.593640241,5,SO284600006400
536749,Grd Mtd Dist. Substation,2,315,1,3,ST295100997800
536752,Grd Mtd Dist. Substation,50,500,0.833443359,3,SO282900010400
536753,Grd Mtd Dist. Substation,126,800,0.807760218,5,SO280900011100
536754,Grd Mtd Dist. Substation,33,500,0.913706191,5,SO281200010700
536779,Pole Mtd Dist. Substation,1,16,1,1,SO371100004900
536787,Grd Mtd Dist. Substation,0,500,1,0,SO270400032300
536816,Pole Mtd Dist. Substation,1,25,1,1,ST295000890500
536894,Grd Mtd Dist. Substation,186,315,0.006234164,0,SO265500053800
536920,Grd Mtd Dist. Substation,1,1000,0.990811662,1,SO280200009800
536976,Grd Mtd Dist. Substation,0,800,1,2,SO286600006400
537024,Grd Mtd Dist. Substation,2,800,1,1,ST365300900400
537039,Grd Mtd Dist. Substation,67,315,0.081526385,2,SO264900041300
537061,Pole Mtd Dist. Substation,0,16,1,0,ST300700900500
537099,Pole Mtd Dist. Substation,1,0,1,0,ST289000887600
537112,Pole Mtd Dist. Substation,8,50,0.275781231,0,SO268600070200
541000,Grd Mtd Dist. Substation,101,200,0,2,SS973900982800
541001,Grd Mtd Dist. Substation,158,315,0.017546655,2,SS976500981300
541002,Grd Mtd Dist. Substation,2,100,1,1,SS972800988000
541003,Grd Mtd Dist. Substation,211,500,0,7,SS971500986000
541004,Grd Mtd Dist. Substation,0,500,1,1,ST972400931800
541005,Grd Mtd Dist. Substation,275,500,0.40413478,4,SS974400984600
542019,Grd Mtd Dist. Substation,110,500,0.51509115,3,SS990300974200
542025,Grd Mtd Dist. Substation,43,315,0.114951673,2,ST002400971700
542026,Grd Mtd Dist. Substation,63,200,0.27062379,2,ST001600974500
542027,Grd Mtd Dist. Substation,35,500,0.831614588,2,ST000600970500
542028,Pole Mtd Dist. Substation,109,200,0.006950189,2,SS999800972800
542029,Grd Mtd Dist. Substation,225,300,0.037626777,4,SS999500971500
542030,Grd Mtd Dist. Substation,184,315,0.055155251,4,SS997900976800
542033,Grd Mtd Dist. Substation,137,500,0.047483302,2,SS971800983000
542034,Pole Mtd Dist. Substation,2,25,1,1,ST030400955500
542047,Pole Mtd Dist. Substation,8,50,0.999561656,1,ST007600969400
542048,Pole Mtd Dist. Substation,2,15,0,1,ST006500967900
542049,Grd Mtd Dist. Substation,76,500,0.035088467,2,ST050100952100
542050,Pole Mtd Dist. Substation,0,16,0,0,ST048200949400
542053,Grd Mtd Dist. Substation,157,500,0.47137653,4,SS985500975500
542054,Grd Mtd Dist. Substation,290,315,0.135619206,4,SS978000978600
542055,Grd Mtd Dist. Substation,132,315,0.06759926,4,SS981500975800
542056,Grd Mtd Dist. Substation,1,500,0.498376068,0,SS982000977300
551485,Grd Mtd Dist. Substation,4,800,1,1,SO144300084300
551486,Grd Mtd Dist. Substation,16,800,1,5,SO141400092500
551487,Grd Mtd Dist. Substation,0,300,0.280038096,1,SO138400100500
551489,Grd Mtd Dist. Substation,140,315,0.018679122,3,SO136000102100
551490,Grd Mtd Dist. Substation,73,800,0.40358429,2,SO134500099700
551992,Grd Mtd Dist. Substation,365,500,0.327465226,7,SN997800030200
551993,Grd Mtd Dist. Substation,233,300,0.42431936,5,SN993500034900
551994,Grd Mtd Dist. Substation,81,315,0.383036825,2,SN991400033900
551995,Grd Mtd Dist. Substation,2,200,0.986808922,1,SN987900036900
551996,Grd Mtd Dist. Substation,3,315,0.995891571,3,SN986000037800
551997,Grd Mtd Dist. Substation,7,315,0.835286042,2,SN984100040600
551998,Grd Mtd Dist. Substation,225,500,0.133796091,3,SN980500045700
551999,Grd Mtd Dist. Substation,214,200,0,5,SN979500044900
552001,Grd Mtd Dist. Substation,355,500,0.078587438,4,SN975200048800
552042,Pole Mtd Dist. Substation,3,25,0.002349782,1,SO018900034100
552043,Pole Mtd Dist. Substation,9,50,0.093947016,1,SO018000036000
552044,Pole Mtd Dist. Substation,24,100,0.226786467,1,SO014197036306
552045,Pole Mtd Dist. Substation,2,16,0,1,SO012400040000
552049,Grd Mtd Dist. Substation,238,315,0.05529072,4,SO014000034000
552050,Grd Mtd Dist. Substation,286,315,0.200279962,4,SO009900031300
552051,Pole Mtd Dist. Substation,21,100,0,1,SO007000034800
552052,Grd Mtd Dist. Substation,1,300,1,1,SO005200032700
552053,Pole Mtd Dist. Substation,4,100,0.968302185,1,SO003200039500
552054,Grd Mtd Dist. Substation,1,500,1,1,SO002800031400
552056,Grd Mtd Dist. Substation,260,300,0.072087414,3,SO001700024700
552060,Grd Mtd Dist. Substation,145,300,0.083646525,4,SN997800023700
552061,Grd Mtd Dist. Substation,203,300,0.002711534,4,SO012500007900
552062,Grd Mtd Dist. Substation,196,500,0.021492805,3,SO012000012300
552063,Grd Mtd Dist. Substation,116,300,0.045837814,4,SO010300013100
552064,Grd Mtd Dist. Substation,131,315,0.250511442,3,SO007700015100
552065,Grd Mtd Dist. Substation,34,315,0.640096656,3,SO005200017200
552066,Grd Mtd Dist. Substation,202,500,0.348022478,4,SO005000022500
552069,Grd Mtd Dist. Substation,219,500,0,4,SO003100022400
552070,Grd Mtd Dist. Substation,264,500,0.061855554,4,SO000900022700
552071,Grd Mtd Dist. Substation,2,315,0.921008152,1,SN999600026400
552072,Grd Mtd Dist. Substation,243,300,0.150669327,4,SN999400021800
552080,Grd Mtd Dist. Substation,176,300,0.148501687,4,SN993700037100
552085,Grd Mtd Dist. Substation,102,200,0.056871035,2,SO166000116600
552086,Grd Mtd Dist. Substation,127,300,0.348394945,3,SO166400115600
552087,Grd Mtd Dist. Substation,73,200,0,3,SO168800114400
552088,Grd Mtd Dist. Substation,139,500,0.137674709,5,SO169600116600
552089,Grd Mtd Dist. Substation,101,315,0,3,SO172200115800
552090,Grd Mtd Dist. Substation,119,300,0.097957513,3,SO173300117000
552091,Grd Mtd Dist. Substation,214,300,0.004787471,6,SO174700114500
552130,Pole Mtd Dist. Substation,45,100,0,1,SO014900000500
552133,Grd Mtd Dist. Substation,179,300,0.217502469,3,ST006500998800
552134,Grd Mtd Dist. Substation,82,300,0.018332904,2,ST005500999600
552135,Grd Mtd Dist. Substation,157,0,0.312038758,0,ST004400996900
552136,Grd Mtd Dist. Substation,84,200,0.038082251,2,ST004400992800
552137,Grd Mtd Dist. Substation,263,500,0.292768358,4,ST002900995300
552138,Grd Mtd Dist. Substation,234,500,0.119129746,4,ST000500995000
552139,Grd Mtd Dist. Substation,152,300,0.135272147,4,SS995700995900
552144,Grd Mtd Dist. Substation,296,500,0.088560132,5,SO014800007800
552145,Grd Mtd Dist. Substation,179,300,0.167817061,2,SO014800005700
552147,Grd Mtd Dist. Substation,167,500,0.196575055,3,SO012500005300
552148,Grd Mtd Dist. Substation,181,300,0.088630862,4,SO009800002200
552149,Pole Mtd Dist. Substation,44,100,0,1,SO009100004500
552150,Grd Mtd Dist. Substation,192,500,0.079925121,3,ST045600991300
552151,Grd Mtd Dist. Substation,218,315,0.064916889,4,ST045400988900
552152,Grd Mtd Dist. Substation,250,300,0.020097623,4,ST043900992400
552153,Grd Mtd Dist. Substation,116,300,0.154663433,3,ST036000992500
552195,Pole Mtd Dist. Substation,2,50,1,1,SO020300031100
552210,Grd Mtd Dist. Substation,200,300,0.059757644,4,SO021400001600
552211,Grd Mtd Dist. Substation,26,500,0.947514462,3,SO020400007800
552213,Grd Mtd Dist. Substation,9,300,1,1,SO018700011200
552214,Grd Mtd Dist. Substation,279,300,0.165907876,4,SO015500010700
552215,Grd Mtd Dist. Substation,265,500,0.064247161,4,SO015200012100
552223,Grd Mtd Dist. Substation,172,500,0.790304917,5,ST049500989600
552239,Grd Mtd Dist. Substation,296,500,0.781695857,4,ST046800991700
552240,Grd Mtd Dist. Substation,115,800,0.003834945,3,ST034100991200
552242,Grd Mtd Dist. Substation,205,500,0.127134021,4,ST033800993800
552251,Grd Mtd Dist. Substation,177,300,0,3,SO022600025500
552302,Pole Mtd Dist. Substation,94,100,0.03602708,1,SO138800037500
552303,Pole Mtd Dist. Substation,62,100,0,1,SO138600035800
552304,Pole Mtd Dist. Substation,2,25,1,1,SO128200038400
552305,Pole Mtd Dist. Substation,8,100,1,1,SO128000042300
552307,Pole Mtd Dist. Substation,118,200,0.063049716,2,SO137100035800
552309,Pole Mtd Dist. Substation,3,25,0,1,SO129300045100
552310,Grd Mtd Dist. Substation,122,300,0.015806961,4,SO120500055900
552311,Pole Mtd Dist. Substation,2,50,0.111787493,1,SO124700053800
552373,Pole Mtd Dist. Substation,91,100,0.056031323,2,SO125200059300
552374,Grd Mtd Dist. Substation,324,500,0.015561898,4,SO121000066700
552375,Grd Mtd Dist. Substation,171,500,0.036569689,4,SO120600068900
552376,Grd Mtd Dist. Substation,199,300,0.379788261,5,SO118600070400
552378,Grd Mtd Dist. Substation,283,315,0.242560285,4,SO116800073400
552379,Grd Mtd Dist. Substation,7,500,1,1,SO115500074100
552380,Grd Mtd Dist. Substation,171,300,0.077602695,4,SO113500086000
552381,Grd Mtd Dist. Substation,209,300,0.492019215,4,SO112800078000
552382,Grd Mtd Dist. Substation,144,500,0.680053727,3,SO112600075900
552383,Grd Mtd Dist. Substation,299,300,0.214347366,7,SO112000082900
552384,Grd Mtd Dist. Substation,210,300,0.022421482,4,SO111600088300
552385,Grd Mtd Dist. Substation,122,200,0.017244819,4,SO111000085600
552386,Grd Mtd Dist. Substation,12,200,0.821933282,1,SO110900074700
552387,Grd Mtd Dist. Substation,182,500,0.190046971,5,SO110100081600
552388,Grd Mtd Dist. Substation,182,300,0.144761504,4,SO109300084800
552390,Pole Mtd Dist. Substation,2,16,0,1,SO117400091900
552393,Pole Mtd Dist. Substation,24,100,0.10770188,1,SO108000095200
552394,Pole Mtd Dist. Substation,3,50,1,1,SO107500092900
552403,Pole Mtd Dist. Substation,4,25,0,1,SO105500092700
552407,Pole Mtd Dist. Substation,102,100,0.076772236,1,SO130400016700
552415,Pole Mtd Dist. Substation,3,5,0.09684655,1,SO102300088100
552418,Pole Mtd Dist. Substation,2,15,0,1,SO093500088900
552419,Pole Mtd Dist. Substation,1,16,0,1,SO090100086600
552420,Pole Mtd Dist. Substation,6,100,0.956641859,1,SO090000085000
552422,Pole Mtd Dist. Substation,50,100,0.130044636,1,SO104980090759
552453,Pole Mtd Dist. Substation,1,15,0,1,SO148200039400
552454,Pole Mtd Dist. Substation,1,16,1,1,SO147300041300
552455,Pole Mtd Dist. Substation,3,16,0,1,SO146800046200
552456,Pole Mtd Dist. Substation,1,15,1,1,SO145600052600
552457,Grd Mtd Dist. Substation,115,315,0,3,SO150200022800
552458,Pole Mtd Dist. Substation,1,16,0,1,SO145200025000
552459,Pole Mtd Dist. Substation,33,200,0,2,SO142400028700
552460,Grd Mtd Dist. Substation,77,300,0.074752427,4,SO140800031400
552471,Pole Mtd Dist. Substation,0,25,0,0,SO018300073300
552472,Pole Mtd Dist. Substation,4,16,0,1,SO014800074500
552475,Pole Mtd Dist. Substation,0,15,0,1,SO031100064600
552477,Pole Mtd Dist. Substation,1,16,0,1,SO027300065500
552479,Grd Mtd Dist. Substation,120,315,0.354140838,4,SO033100070200
552480,Grd Mtd Dist. Substation,336,500,0.120599141,6,SO030800071200
552481,Pole Mtd Dist. Substation,46,100,0,2,SO027100058500
552482,Pole Mtd Dist. Substation,5,15,0.324573302,1,SO025000060000
552483,Pole Mtd Dist. Substation,26,100,0,1,SO023200063100
552520,Grd Mtd Dist. Substation,209,500,0.005985586,5,SO148400104200
552521,Grd Mtd Dist. Substation,247,315,0.010573834,5,SO148000106800
552522,Grd Mtd Dist. Substation,213,300,0.015171798,3,SO146600101100
552524,Grd Mtd Dist. Substation,159,500,0.082545267,4,SO142800103000
552525,Grd Mtd Dist. Substation,59,315,0.606658677,4,SO142200098100
552526,Grd Mtd Dist. Substation,111,300,0.089990511,3,SO142000105400
552527,Grd Mtd Dist. Substation,1,300,0.436020275,1,SO141600101500
552584,Grd Mtd Dist. Substation,203,315,0.055438067,4,SO029500070800
552585,Grd Mtd Dist. Substation,159,315,0.003246903,3,SO025300069700
552586,Grd Mtd Dist. Substation,1,500,0.037089403,1,SO023300067600
552589,Pole Mtd Dist. Substation,1,5,0,1,SO020600074900
552590,Grd Mtd Dist. Substation,282,500,0,5,SO020200070500
552591,Grd Mtd Dist. Substation,4,500,0,1,SO019000072000
552701,Pole Mtd Dist. Substation,12,16,1,1,SO156300020400
552703,Grd Mtd Dist. Substation,208,300,0.160582277,2,SO151500021700
552704,Pole Mtd Dist. Substation,3,25,0.388753748,1,SO154300013300
552705,Pole Mtd Dist. Substation,1,200,0,1,SO151900017700
552706,Pole Mtd Dist. Substation,1,4,0,1,SO151700012500
552708,Pole Mtd Dist. Substation,5,15,0.759115216,1,SO150900008900
552711,Pole Mtd Dist. Substation,1,16,1,1,SO148500011800
552712,Pole Mtd Dist. Substation,6,50,1,1,SO146000010600
552713,Pole Mtd Dist. Substation,2,15,0.285509326,1,SO144200019100
552714,Pole Mtd Dist. Substation,1,16,0,1,SO141900019000
552715,Pole Mtd Dist. Substation,2,25,1,1,SO138600022500
552716,Pole Mtd Dist. Substation,1,16,0,1,SO134600019800
552823,Grd Mtd Dist. Substation,243,500,0.356654152,5,ST163000979400
552824,Grd Mtd Dist. Substation,169,315,0.05207815,5,ST162000975300
552825,Grd Mtd Dist. Substation,77,1000,0.914805405,5,ST159700990100
552827,Grd Mtd Dist. Substation,190,300,0.199958545,3,ST158800994600
552828,Grd Mtd Dist. Substation,157,300,0.14198327,3,ST158500984900
552829,Grd Mtd Dist. Substation,95,200,0.047732914,3,ST158400987800
552830,Grd Mtd Dist. Substation,182,300,0.32760513,4,SO168800011400
552831,Grd Mtd Dist. Substation,232,315,0.294510057,5,SO167200015000
552832,Grd Mtd Dist. Substation,33,200,0,2,SO166300017300
552833,Grd Mtd Dist. Substation,91,315,0.120476112,3,SO164500011800
552834,Grd Mtd Dist. Substation,92,200,0.138476606,2,SO163400027400
552835,Grd Mtd Dist. Substation,195,315,0.007857088,4,SO158400007300
552836,Grd Mtd Dist. Substation,132,300,0.346894964,5,SO158200003500
552837,Grd Mtd Dist. Substation,139,300,0.004940613,2,SO157600000600
552839,Grd Mtd Dist. Substation,139,300,0.002896136,3,SO155600004900
552840,Grd Mtd Dist. Substation,166,300,0.388194775,2,SO155200000900
552841,Grd Mtd Dist. Substation,274,300,0.224201947,4,SO154800002900
552842,Pole Mtd Dist. Substation,1,16,0,1,SO161900022700
552844,Pole Mtd Dist. Substation,3,25,0.800104231,1,SO160800020300
552845,Pole Mtd Dist. Substation,3,16,0,1,SO160100015800
552851,Pole Mtd Dist. Substation,1,16,0,1,SO161600013700
552852,Pole Mtd Dist. Substation,0,15,0,0,SO159800009500
552856,Pole Mtd Dist. Substation,1,16,0,1,SO076400014600
552858,Grd Mtd Dist. Substation,101,300,0.018306376,3,SO074500019100
552859,Pole Mtd Dist. Substation,121,200,0,2,SO073600022800
552861,Grd Mtd Dist. Substation,166,300,0.432330922,3,SO072300024600
552862,Pole Mtd Dist. Substation,34,100,0,1,SO071700025800
552863,Pole Mtd Dist. Substation,328,200,0.352946345,5,SO070800027600
552865,Grd Mtd Dist. Substation,259,300,0.017840637,4,SO065300036500
552866,Grd Mtd Dist. Substation,181,300,0.225547634,4,SO065200035200
552867,Grd Mtd Dist. Substation,59,800,0.997765011,5,SO065100032400
552868,Grd Mtd Dist. Substation,15,750,1,4,SO064100032900
552869,Grd Mtd Dist. Substation,89,300,0.521590611,4,SO063300038100
552871,Grd Mtd Dist. Substation,8,500,0.972313055,2,SO060000042100
552909,Grd Mtd Dist. Substation,167,300,0.030351441,5,SO047000082200
552910,Grd Mtd Dist. Substation,177,315,0.337255855,4,SO046200078200
552911,Grd Mtd Dist. Substation,209,300,0.001243166,4,SO046000084800
552913,Grd Mtd Dist. Substation,62,500,0.139388955,3,SO041800080500
552914,Grd Mtd Dist. Substation,280,800,0.114458542,4,SO041100082900
552946,Grd Mtd Dist. Substation,8,315,0.957346489,2,SO078900085000
552947,Grd Mtd Dist. Substation,11,1000,0.987990342,2,SO077500088000
552948,Grd Mtd Dist. Substation,11,1000,1,3,SO076000086500
552949,Grd Mtd Dist. Substation,138,315,0.119660481,4,SO075800081800
552950,Grd Mtd Dist. Substation,0,315,0.100469836,0,SO075300080400
552952,Grd Mtd Dist. Substation,285,500,0.160321642,4,SO071900079900
552953,Grd Mtd Dist. Substation,46,500,0.438677054,3,SO069000080600
552954,Grd Mtd Dist. Substation,88,500,0.644491299,5,SO064600079200
552955,Grd Mtd Dist. Substation,17,1000,0.987150185,2,SO063600074000
553013,Grd Mtd Dist. Substation,396,500,0.234519858,3,SO056800073200
553014,Grd Mtd Dist. Substation,81,300,0,2,SO054500073400
553015,Grd Mtd Dist. Substation,153,315,0.101813399,4,SO054100071000
553016,Grd Mtd Dist. Substation,120,800,0.195171938,5,SO051000073200
553017,Grd Mtd Dist. Substation,220,315,0,4,SO050800079800
553018,Grd Mtd Dist. Substation,104,315,0,3,SO050500076300
553019,Grd Mtd Dist. Substation,185,300,0,4,SO049400074300
553020,Grd Mtd Dist. Substation,121,300,0.048340219,4,SO049000078700
553021,Grd Mtd Dist. Substation,206,315,0.511551248,4,SO048900081700
553022,Grd Mtd Dist. Substation,155,500,0,4,SO048700077200
553023,Grd Mtd Dist. Substation,165,300,0.065847212,6,SO047300076100
553087,Grd Mtd Dist. Substation,221,315,0.02731735,4,SO202200072800
553088,Grd Mtd Dist. Substation,228,500,0.148676763,5,SO201600078800
553089,Grd Mtd Dist. Substation,86,500,0.786898577,3,SO200100081200
553090,Grd Mtd Dist. Substation,81,300,0.17559869,3,SO198600076800
553092,Grd Mtd Dist. Substation,257,500,0.456829672,6,SO199900082400
553093,Grd Mtd Dist. Substation,103,800,0.901101602,4,SO197800087800
553114,Pole Mtd Dist. Substation,1,16,0,1,SO209300093600
553115,Pole Mtd Dist. Substation,1,16,0,1,SO209000091000
553116,Pole Mtd Dist. Substation,1,16,0,1,SO208500096300
553117,Grd Mtd Dist. Substation,94,500,0.027571192,2,SO208800082700
553118,Grd Mtd Dist. Substation,141,200,0.012528526,4,SO204800078800
553119,Grd Mtd Dist. Substation,127,300,0.056163424,3,SO205800086500
553120,Grd Mtd Dist. Substation,95,500,0,3,SO205800084200
553121,Grd Mtd Dist. Substation,220,300,0.047814996,3,SO202000087000
553123,Grd Mtd Dist. Substation,195,315,0.093071566,5,SO201500092200
553124,Grd Mtd Dist. Substation,146,200,0,5,SO199300097000
553125,Grd Mtd Dist. Substation,78,500,0.274398764,2,SO198400093900
553127,Grd Mtd Dist. Substation,90,200,0.659090034,4,SO197600097600
553128,Grd Mtd Dist. Substation,8,500,1,2,SO195700110100
553129,Grd Mtd Dist. Substation,272,500,0.108136158,4,SO194900100400
553130,Pole Mtd Dist. Substation,178,200,0.044985722,2,SO194700104600
553131,Grd Mtd Dist. Substation,11,500,1,2,SO194200113100
553132,Grd Mtd Dist. Substation,10,1000,1,3,SO193200112500
553198,Grd Mtd Dist. Substation,202,315,0.380196507,4,SO202400081400
553199,Grd Mtd Dist. Substation,223,500,0.050058274,5,SO202200075400
553200,Grd Mtd Dist. Substation,1,500,1,1,SO197000087000
553201,Grd Mtd Dist. Substation,1,315,1,1,SO196500088200
553202,Grd Mtd Dist. Substation,173,500,0.16548931,4,SO196400095300
553203,Grd Mtd Dist. Substation,133,315,0.606227106,4,SO193200109200
553204,Grd Mtd Dist. Substation,95,315,0.039706201,3,SO193200104400
553205,Grd Mtd Dist. Substation,64,200,0.044950859,2,SO191000111300
553212,Grd Mtd Dist. Substation,187,300,1.97E-05,4,SO190700123400
553213,Grd Mtd Dist. Substation,178,500,0.698882201,5,SO190100117800
553214,Grd Mtd Dist. Substation,323,500,0.452696882,5,SO188000118300
553215,Grd Mtd Dist. Substation,171,300,0.09442872,3,SO187800120800
553216,Grd Mtd Dist. Substation,268,315,0.062164744,7,SO185900119600
553217,Grd Mtd Dist. Substation,144,300,5.66E-05,3,SO184000117200
553218,Grd Mtd Dist. Substation,239,500,0,6,SO183400119800
553224,Grd Mtd Dist. Substation,25,1000,1,2,SO019500010000
553241,Pole Mtd Dist. Substation,0,200,1,0,ST043400990300
553252,Pole Mtd Dist. Substation,3,50,0.329757344,1,SO152200020600
553253,Grd Mtd Dist. Substation,67,500,0.95599631,1,SO141400092500
553270,Grd Mtd Dist. Substation,0,800,1,0,SO196200090600
553351,Pole Mtd Dist. Substation,1,16,0,1,SO024700061700
553373,Grd Mtd Dist. Substation,56,500,0.856007024,0,SO062000040000
553376,Grd Mtd Dist. Substation,116,315,0,4,SO026300616000
553426,Grd Mtd Dist. Substation,0,500,0.201170879,0,ST033900993800
553449,Grd Mtd Dist. Substation,153,0,0.048184321,0,ST032500992400
553462,Pole Mtd Dist. Substation,4,50,0.984571585,0,SO117158077083
553481,Pole Mtd Dist. Substation,1,16,0,1,SO205100100700
562049,Pole Mtd Dist. Substation,3,16,0,1,SS751000960900
562051,Grd Mtd Dist. Substation,493,500,0.265448591,5,SS746200962800
562052,Grd Mtd Dist. Substation,5,500,1,2,SS747300964800
562053,Grd Mtd Dist. Substation,7,315,1,2,SS748400973300
562054,Grd Mtd Dist. Substation,195,300,0,3,SS749200961400
562055,Grd Mtd Dist. Substation,429,500,0.221841754,6,SS749800966400
562056,Grd Mtd Dist. Substation,58,315,0.836888919,2,SS751000972900
562057,Grd Mtd Dist. Substation,201,500,0.49838436,4,SS751100973600
562058,Grd Mtd Dist. Substation,60,500,0.49383234,1,SS752300972300
562059,Grd Mtd Dist. Substation,330,500,0.322124176,9,SS752400970500
562060,Grd Mtd Dist. Substation,221,315,0.018382557,5,SS752600965700
562061,Grd Mtd Dist. Substation,245,500,0.231210105,6,SS753400967800
562062,Grd Mtd Dist. Substation,140,300,0.070335018,3,SS755400967200
562063,Grd Mtd Dist. Substation,114,300,0.254306333,4,SS756000969000
562064,Grd Mtd Dist. Substation,209,315,0.134518222,6,SS756300964400
562065,Grd Mtd Dist. Substation,183,315,0.011998843,4,SS758300964600
562066,Grd Mtd Dist. Substation,58,200,0,2,SS750100963200
562067,Pole Mtd Dist. Substation,21,50,0,2,SS751500963500
562068,Pole Mtd Dist. Substation,2,25,0,1,SS752200961500
562069,Pole Mtd Dist. Substation,1,16,0,1,SS752700962700
562070,Grd Mtd Dist. Substation,0,315,1,1,SS753900963200
562071,Pole Mtd Dist. Substation,3,25,0,1,SS756800959600
562072,Grd Mtd Dist. Substation,223,500,0.089932334,4,SS735400985000
562073,Grd Mtd Dist. Substation,195,500,0.015049885,5,SS739800982000
562074,Grd Mtd Dist. Substation,300,500,0.000168429,4,SS740900980800
562075,Grd Mtd Dist. Substation,301,800,0.070645602,5,SS741400984200
562076,Grd Mtd Dist. Substation,116,315,0.005399959,3,SS744400982800
562077,Grd Mtd Dist. Substation,3,800,1,2,SS746200979400
562078,Grd Mtd Dist. Substation,2,1000,1,2,SS747800979900
562079,Grd Mtd Dist. Substation,104,315,0,6,SS748400981800
562080,Grd Mtd Dist. Substation,138,315,0.113625905,5,SS750400984600
562081,Grd Mtd Dist. Substation,17,300,0.982646741,4,SS750600977600
563224,Grd Mtd Dist. Substation,113,315,0.323340268,4,SS860400901400
563225,Grd Mtd Dist. Substation,105,300,0.049814167,3,SS861300903800
563225,Grd Mtd Dist. Substation,105,300,0.049814167,3,SS861300903800
563226,Grd Mtd Dist. Substation,86,300,0,3,SS861700902300
563228,Grd Mtd Dist. Substation,82,200,0.054413271,3,SS867900891500
563229,Grd Mtd Dist. Substation,150,315,0.006342378,4,SS868100894600
563230,Grd Mtd Dist. Substation,179,315,0.185994049,3,SS868400890000
563249,Grd Mtd Dist. Substation,146,315,0.004073553,4,SS868500886900
563672,Grd Mtd Dist. Substation,76,300,0,3,SS942600871400
563683,Pole Mtd Dist. Substation,5,25,0.642197005,1,SS950400871800
563712,Grd Mtd Dist. Substation,0,800,0.379948613,0,SS940200870200
563714,Pole Mtd Dist. Substation,2,16,0,1,SS937600866600
563717,Pole Mtd Dist. Substation,1,15,1,1,SS936100872700
563718,Pole Mtd Dist. Substation,2,16,1,1,SS933900893000
563719,Grd Mtd Dist. Substation,120,315,0.277535408,2,SS933700896300
563720,Grd Mtd Dist. Substation,89,300,0.089803862,5,SS933600883600
563721,Grd Mtd Dist. Substation,193,300,0.043812176,3,SS932200899400
563722,Pole Mtd Dist. Substation,2,16,0.001749563,1,SS931100882400
563723,Grd Mtd Dist. Substation,126,300,0.063915555,3,SS931000901600
563724,Pole Mtd Dist. Substation,7,100,1,1,SS929300895000
563726,Pole Mtd Dist. Substation,39,100,0,2,SS930900903500
563727,Pole Mtd Dist. Substation,59,100,0,1,SS930200900000
563728,Grd Mtd Dist. Substation,102,300,0,2,SS932200882000
563729,Grd Mtd Dist. Substation,158,315,0.188506608,5,SS929600877200
563731,Pole Mtd Dist. Substation,37,200,0,1,SS935200865900
563732,Pole Mtd Dist. Substation,34,100,0.684790198,2,SS932800866700
563733,Pole Mtd Dist. Substation,13,50,0,1,SS931600870800
563734,Pole Mtd Dist. Substation,3,50,1,1,SS929800867000
563735,Pole Mtd Dist. Substation,1,50,1,1,SS927200874600
563737,Pole Mtd Dist. Substation,9,50,0.759600121,1,SS925000879700
563738,Pole Mtd Dist. Substation,1,16,1,1,SS922900879400
564223,Grd Mtd Dist. Substation,39,500,1,6,SS904600797900
564224,Grd Mtd Dist. Substation,31,500,1,4,SS905500797800
564229,Grd Mtd Dist. Substation,18,300,1,2,SS909600796300
564230,Grd Mtd Dist. Substation,11,500,0.996467429,3,SS907000796500
564231,Grd Mtd Dist. Substation,130,1000,0.992134739,6,SS905900796600
564285,Grd Mtd Dist. Substation,56,800,0.995075229,5,SS904800799200
564368,Grd Mtd Dist. Substation,0,500,1,1,SS903500800400
564411,Grd Mtd Dist. Substation,72,315,0.067104033,2,SS935800867600
564444,Pole Mtd Dist. Substation,1,16,0,1,SS929500901600
564497,Grd Mtd Dist. Substation,0,500,1,1,SS749100979400
564512,Pole Mtd Dist. Substation,1,50,1,1,SS294000186900